attendance_id,student_id,subject_id,total_classes,classes_attended,attendance_percentage
A001,CS001,SUB01,50,44,88.0
A002,CS001,SUB02,44,33,75.0
A003,CS001,SUB03,44,37,84.09
A004,CS001,SUB04,50,40,80.0
A005,CS001,SUB05,50,40,80.0
A006,CS001,SUB06,48,37,77.08
A007,CS001,SUB07,46,40,86.96
A008,CS001,SUB08,46,40,86.96
A009,CS002,SUB01,46,40,86.96
A010,CS002,SUB02,50,45,90.0
A011,CS002,SUB03,46,41,89.13
A012,CS002,SUB04,50,43,86.0
A013,CS002,SUB05,44,41,93.18
A014,CS002,SUB06,48,45,93.75
A015,CS002,SUB07,50,46,92.0
A016,CS002,SUB08,45,40,88.89
A017,CS003,SUB01,50,37,74.0
A018,CS003,SUB02,44,31,70.45
A019,CS003,SUB03,45,35,77.78
A020,CS003,SUB04,44,29,65.91
A021,CS003,SUB05,46,29,63.04
A022,CS003,SUB06,48,32,66.67
A023,CS003,SUB07,48,32,66.67
A024,CS003,SUB08,44,28,63.64
A025,CS004,SUB01,48,44,91.67
A026,CS004,SUB02,44,37,84.09
A027,CS004,SUB03,44,39,88.64
A028,CS004,SUB04,48,42,87.5
A029,CS004,SUB05,48,42,87.5
A030,CS004,SUB06,50,43,86.0
A031,CS004,SUB07,44,38,86.36
A032,CS004,SUB08,48,44,91.67
A033,CS005,SUB01,48,35,72.92
A034,CS005,SUB02,48,38,79.17
A035,CS005,SUB03,50,44,88.0
A036,CS005,SUB04,45,33,73.33
A037,CS005,SUB05,44,38,86.36
A038,CS005,SUB06,44,39,88.64
A039,CS005,SUB07,50,37,74.0
A040,CS005,SUB08,50,40,80.0
A041,CS006,SUB01,48,37,77.08
A042,CS006,SUB02,46,31,67.39
A043,CS006,SUB03,46,34,73.91
A044,CS006,SUB04,48,37,77.08
A045,CS006,SUB05,45,34,75.56
A046,CS006,SUB06,44,29,65.91
A047,CS006,SUB07,48,37,77.08
A048,CS006,SUB08,50,30,60.0
A049,CS007,SUB01,44,19,43.18
A050,CS007,SUB02,50,22,44.0
A051,CS007,SUB03,45,28,62.22
A052,CS007,SUB04,46,26,56.52
A053,CS007,SUB05,44,18,40.91
A054,CS007,SUB06,44,22,50.0
A055,CS007,SUB07,48,27,56.25
A056,CS007,SUB08,44,18,40.91
A057,CS008,SUB01,46,43,93.48
A058,CS008,SUB02,46,45,97.83
A059,CS008,SUB03,45,42,93.33
A060,CS008,SUB04,48,45,93.75
A061,CS008,SUB05,45,44,97.78
A062,CS008,SUB06,46,45,97.83
A063,CS008,SUB07,45,42,93.33
A064,CS008,SUB08,48,46,95.83
A065,CS009,SUB01,46,36,78.26
A066,CS009,SUB02,45,38,84.44
A067,CS009,SUB03,44,35,79.55
A068,CS009,SUB04,50,41,82.0
A069,CS009,SUB05,45,36,80.0
A070,CS009,SUB06,48,40,83.33
A071,CS009,SUB07,50,38,76.0
A072,CS009,SUB08,46,34,73.91
A073,CS010,SUB01,50,33,66.0
A074,CS010,SUB02,46,32,69.57
A075,CS010,SUB03,46,34,73.91
A076,CS010,SUB04,46,35,76.09
A077,CS010,SUB05,48,31,64.58
A078,CS010,SUB06,44,30,68.18
A079,CS010,SUB07,50,35,70.0
A080,CS010,SUB08,45,34,75.56
A081,CS011,SUB01,44,39,88.64
A082,CS011,SUB02,44,39,88.64
A083,CS011,SUB03,45,39,86.67
A084,CS011,SUB04,48,45,93.75
A085,CS011,SUB05,48,46,95.83
A086,CS011,SUB06,48,44,91.67
A087,CS011,SUB07,44,38,86.36
A088,CS011,SUB08,45,42,93.33
A089,CS012,SUB01,45,34,75.56
A090,CS012,SUB02,48,42,87.5
A091,CS012,SUB03,50,42,84.0
A092,CS012,SUB04,48,41,85.42
A093,CS012,SUB05,46,40,86.96
A094,CS012,SUB06,48,36,75.0
A095,CS012,SUB07,46,38,82.61
A096,CS012,SUB08,45,38,84.44
A097,CS013,SUB01,48,47,97.92
A098,CS013,SUB02,48,44,91.67
A099,CS013,SUB03,50,46,92.0
A100,CS013,SUB04,44,43,97.73
A101,CS013,SUB05,48,46,95.83
A102,CS013,SUB06,48,48,100.0
A103,CS013,SUB07,48,45,93.75
A104,CS013,SUB08,50,46,92.0
A105,CS014,SUB01,44,33,75.0
A106,CS014,SUB02,48,37,77.08
A107,CS014,SUB03,46,36,78.26
A108,CS014,SUB04,48,38,79.17
A109,CS014,SUB05,44,38,86.36
A110,CS014,SUB06,46,36,78.26
A111,CS014,SUB07,44,35,79.55
A112,CS014,SUB08,45,36,80.0
A113,CS015,SUB01,44,41,93.18
A114,CS015,SUB02,46,41,89.13
A115,CS015,SUB03,44,38,86.36
A116,CS015,SUB04,44,39,88.64
A117,CS015,SUB05,45,39,86.67
A118,CS015,SUB06,46,44,95.65
A119,CS015,SUB07,50,42,84.0
A120,CS015,SUB08,46,40,86.96
A121,CS016,SUB01,48,26,54.17
A122,CS016,SUB02,48,30,62.5
A123,CS016,SUB03,50,30,60.0
A124,CS016,SUB04,50,28,56.0
A125,CS016,SUB05,50,24,48.0
A126,CS016,SUB06,44,21,47.73
A127,CS016,SUB07,48,28,58.33
A128,CS016,SUB08,48,24,50.0
A129,CS017,SUB01,46,37,80.43
A130,CS017,SUB02,46,33,71.74
A131,CS017,SUB03,45,38,84.44
A132,CS017,SUB04,45,39,86.67
A133,CS017,SUB05,44,33,75.0
A134,CS017,SUB06,45,36,80.0
A135,CS017,SUB07,50,42,84.0
A136,CS017,SUB08,46,40,86.96
A137,CS018,SUB01,45,34,75.56
A138,CS018,SUB02,50,38,76.0
A139,CS018,SUB03,48,38,79.17
A140,CS018,SUB04,44,34,77.27
A141,CS018,SUB05,45,36,80.0
A142,CS018,SUB06,46,34,73.91
A143,CS018,SUB07,45,39,86.67
A144,CS018,SUB08,46,40,86.96
A145,CS019,SUB01,45,41,91.11
A146,CS019,SUB02,44,43,97.73
A147,CS019,SUB03,44,41,93.18
A148,CS019,SUB04,44,42,95.45
A149,CS019,SUB05,48,46,95.83
A150,CS019,SUB06,48,46,95.83
A151,CS019,SUB07,50,46,92.0
A152,CS019,SUB08,45,43,95.56
A153,CS020,SUB01,45,39,86.67
A154,CS020,SUB02,44,40,90.91
A155,CS020,SUB03,46,39,84.78
A156,CS020,SUB04,46,42,91.3
A157,CS020,SUB05,50,48,96.0
A158,CS020,SUB06,44,41,93.18
A159,CS020,SUB07,45,39,86.67
A160,CS020,SUB08,46,43,93.48
