faq_id,category,question,keywords,answer
FAQ01,Attendance,What is the minimum attendance required?,"attendance, minimum attendance, eligibility",Students must maintain at least 75% attendance in every subject to be eligible for semester examinations.
FAQ02,Attendance,What happens if attendance is below 75%?,"attendance shortage, low attendance, performa",Students with attendance below 75% may not be allowed to appear for the semester exam as they will be categorized under the third proforma and will need to attend academic semesters back.
FAQ03,Attendance,How can I apply for leave?,"leave, leave procedure, absence",Students must inform in the official group created by the class advisor before taking leave. Their parents should inform the class advisor prior to the leave.
FAQ04,Attendance,Who approves student leave?,"leave approval, class advisor, hod",Leave requests are approved by the class advisor or the Head of the Department (HOD).
FAQ05,Examinations,What essentials should I bring to the Examinations?,"exam rules, hall ticket, id card","Students must bring their hall ticket and ID card to the examination hall for semester exams. For internal tests, the college ID card is mandatory."
FAQ06,Conduct,Are mobile phones allowed in class?,"mobile phone, phone policy, confiscation","Mobile phones are not allowed during class hours unless permitted by faculty. Otherwise, mobile phones will be confiscated by respective departments."
FAQ07,Admissions,How do I apply for this college?,"apply, admission, registration, intake",You can apply online via the 'Admissions' portal on our website (srcw.ac.in). The deadline for Fall admissions is June 30.
FAQ08,Finance,What is the fee structure for B.Sc Computer Science?,"fee, bsc cs, cost, payment","The annual tuition fee for B.Sc Computer Science programs is approximately ₹38,000 to ₹40,000. This does not include hostel or semester exam fees."
FAQ09,Examinations,When are the final semester exams?,"exam date, timetable, schedule",The final exams are scheduled to begin in mid-April to May. You can download the timetable from the college official website srcw.ac.in.
FAQ10,Facilities,Does the college have hostel facilities?,"hostel, stay, dorm, accommodation","Yes, we offer secure hostel facilities for students with 24/7 security, purified drinking water, warden supervision, and high-speed Wi-Fi."
FAQ11,Placement,What are the placement records?,"placement, jobs, salary, package, recruiters","Over 90.5% of eligible students are placed, with packages up to 5.5 LPA. Top recruiters include Deloitte, Cognizant, KGISL, [24]7.ai, GEP, and Infosys."
FAQ12,Admissions,What documents are needed for admission?,"documents, certificate, transcripts, id proof","You need 10th and 12th marksheets/transcripts, Transfer Certificate (TC), Conduct Certificate, Community Certificate, Aadhar Card, and 4 passport-size photographs."
FAQ13,Admissions,What is the minimum percentage required for admission?,"eligibility, cutoff, marks criteria",A minimum of 55-60% in Higher Secondary (+2) with Mathematics/Computer Science is typically required for computer science courses.
FAQ14,Finance,Do you offer scholarships?,"scholarship, financial aid, concession","Yes, merit-based scholarships up to 50% tuition fee concession are offered for high scorers, as well as government schemes like Pudhumai Penn, Moovalur Ramamirtham, and community scholarships."
FAQ15,Finance,Can I pay fees in installments?,"installment, fee payment, semester payment","Yes, tuition fees can be paid in two equal installments at the beginning of each semester upon approval from the Accounts Office."
FAQ16,Facilities,What are the library timings?,"library hours, book borrowing, timings",The Central Library is open from 8:30 AM to 5:00 PM on all working weekdays. Students scan their ID cards at the gate register.
FAQ17,Facilities,Is there a canteen on campus?,"canteen, cafeteria, food, angaadi","Yes, we have a main cafeteria serving healthy vegetarian and snack options, and 'Angaadi'—an entrepreneurial snack hub managed by EDC students."
FAQ18,Facilities,Are there sports facilities?,"sports, badminton, volleyball, athletics","The campus has badminton, volleyball, and throwball courts, plus indoor board games. Major athletic track events (100m, 200m, high jump, shot put) take place at Nehru Stadium."
FAQ19,Conduct,How do I get my ID card?,"id card, identity card, student affairs",ID cards are issued by the Student Affairs / Academic Section during the first two weeks of enrollment upon submitting admission receipts.
FAQ20,Conduct,What is the anti-ragging policy?,"anti ragging, helpline, complaints",We enforce strict zero-tolerance anti-ragging policies. Immediate reporting can be made to the 24/7 National Anti-Ragging Helpline at 1800-180-5522 or the college anti-ragging squad.
FAQ21,Facilities,Does the college provide bus transport?,"bus, transport, routes, shuttle","Yes, the college operates buses across 15+ major arterial routes throughout Coimbatore, Tiruppur, and surrounding areas with monthly transport passes."
FAQ22,General,Where is the college located?,"location, address, route, siddhapudur","The college is located at #395, Sarojini Naidu Road, Siddhapudur, Coimbatore - 641044, Tamil Nadu."
FAQ23,General,What is the official contact number and website?,"contact number, phone, email, website","Phone: 0422-2243624, 7373144766. Official Website: www.srcw.ac.in. Email: info@srcw.ac.in."
FAQ24,Administration,Who is the Principal of the college?,"principal, dr k chitra, leadership","Our Principal is Dr. K. Chitra, M.Com, MBA, M.Phil, Ph.D., with 30+ years of academic and administrative experience, 75+ research publications, and multiple funded research grants."
FAQ25,Accreditation,What is the college accreditation and affiliation?,"naac, autonomous, bharathiar university, ranking","The college is Reaccredited by NAAC with 'A+' Grade, autonomous, and affiliated to Bharathiar University. It consistently ranks in the Top 100 in national surveys by The Week, India Today, and Times B-School."
FAQ26,Administration,Who is the Head of the Computer Science Department?,"hod computer science, dr tajunisha, dr rani","Dr. N. Tajunisha (MCA, M.Phil, Ph.D.) and Dr. V. G. Rani (MCA, M.Phil, Ph.D.) lead the Department of Computer Science."
FAQ27,Academics,What are the college class and prayer timings?,"timings, class hours, prayer, break",Classes run from 9:00 AM to 2:00 PM. Morning prayer and mudras for mindfulness are conducted from 9:00 AM to 9:10 AM. CS Department break is from 11:40 AM to 12:10 PM.
FAQ28,Academics,How many computer and science laboratories are available?,"labs, computer lab, laboratory facilities","There are 6 fully equipped, air-conditioned laboratories with high-speed internet, modern compilers, database tools, and ICT support."
FAQ29,Activities,What student clubs and extracurricular activities exist?,"clubs, edc, cyber security, nss, ncc, tedx, rotaract","Active clubs include Women's Empowerment Cell, Entrepreneurship Development Cell (EDC), Cyber Security Club, TEDx, Music, Photography, Dance, NSS, NCC, Youth Red Cross, and Yuva Club."
FAQ30,Activities,What is Hackathon and who can participate?,"hackathon, coding competition, sih","Hackathons are time-bound software building contests. All interested students, especially from Computer Science and IT, can participate. Our college won National Awards at Smart India Hackathon (SIH 2019 & SIH 2022)."
