mark_id,student_id,subject_id,internal_marks_40,external_marks_60,total_marks_100,grade,result,exam_session
M001,CS001,SUB01,27,39,66,B+,Pass,2025-26 Even
M002,CS001,SUB02,22,39,61,B+,Pass,2025-26 Even
M003,CS001,SUB03,26,39,65,B+,Pass,2025-26 Even
M004,CS001,SUB04,30,42,72,A,Pass,2025-26 Even
M005,CS001,SUB05,21,37,58,B,Pass,2025-26 Even
M006,CS001,SUB06,25,40,65,B+,Pass,2025-26 Even
M007,CS001,SUB07,27,45,72,A,Pass,2025-26 Even
M008,CS001,SUB08,27,35,62,B+,Pass,2025-26 Even
M009,CS002,SUB01,33,48,81,A+,Pass,2025-26 Even
M010,CS002,SUB02,35,47,82,A+,Pass,2025-26 Even
M011,CS002,SUB03,31,46,77,A,Pass,2025-26 Even
M012,CS002,SUB04,29,45,74,A,Pass,2025-26 Even
M013,CS002,SUB05,31,49,80,A+,Pass,2025-26 Even
M014,CS002,SUB06,34,50,84,A+,Pass,2025-26 Even
M015,CS002,SUB07,31,47,78,A,Pass,2025-26 Even
M016,CS002,SUB08,33,50,83,A+,Pass,2025-26 Even
M017,CS003,SUB01,22,32,54,B,Pass,2025-26 Even
M018,CS003,SUB02,17,25,42,C,Pass,2025-26 Even
M019,CS003,SUB03,19,26,45,C,Pass,2025-26 Even
M020,CS003,SUB04,18,26,44,C,Pass,2025-26 Even
M021,CS003,SUB05,16,29,45,C,Pass,2025-26 Even
M022,CS003,SUB06,20,31,51,B,Pass,2025-26 Even
M023,CS003,SUB07,20,29,49,C,Pass,2025-26 Even
M024,CS003,SUB08,24,32,56,B,Pass,2025-26 Even
M025,CS004,SUB01,35,50,85,A+,Pass,2025-26 Even
M026,CS004,SUB02,31,51,82,A+,Pass,2025-26 Even
M027,CS004,SUB03,32,52,84,A+,Pass,2025-26 Even
M028,CS004,SUB04,30,48,78,A,Pass,2025-26 Even
M029,CS004,SUB05,31,48,79,A,Pass,2025-26 Even
M030,CS004,SUB06,31,49,80,A+,Pass,2025-26 Even
M031,CS004,SUB07,32,48,80,A+,Pass,2025-26 Even
M032,CS004,SUB08,34,50,84,A+,Pass,2025-26 Even
M033,CS005,SUB01,28,47,75,A,Pass,2025-26 Even
M034,CS005,SUB02,26,35,61,B+,Pass,2025-26 Even
M035,CS005,SUB03,29,43,72,A,Pass,2025-26 Even
M036,CS005,SUB04,24,36,60,B+,Pass,2025-26 Even
M037,CS005,SUB05,24,32,56,B,Pass,2025-26 Even
M038,CS005,SUB06,32,42,74,A,Pass,2025-26 Even
M039,CS005,SUB07,23,33,56,B,Pass,2025-26 Even
M040,CS005,SUB08,27,36,63,B+,Pass,2025-26 Even
M041,CS006,SUB01,19,23,42,C,Pass,2025-26 Even
M042,CS006,SUB02,21,29,50,B,Pass,2025-26 Even
M043,CS006,SUB03,21,28,49,C,Pass,2025-26 Even
M044,CS006,SUB04,19,28,47,C,Pass,2025-26 Even
M045,CS006,SUB05,16,28,44,C,Pass,2025-26 Even
M046,CS006,SUB06,19,29,48,C,Pass,2025-26 Even
M047,CS006,SUB07,21,30,51,B,Pass,2025-26 Even
M048,CS006,SUB08,22,34,56,B,Pass,2025-26 Even
M049,CS007,SUB01,18,29,47,C,Pass,2025-26 Even
M050,CS007,SUB02,12,19,31,F,Fail,2025-26 Even
M051,CS007,SUB03,14,23,37,F,Fail,2025-26 Even
M052,CS007,SUB04,14,25,39,F,Fail,2025-26 Even
M053,CS007,SUB05,17,29,46,C,Pass,2025-26 Even
M054,CS007,SUB06,16,22,38,F,Fail,2025-26 Even
M055,CS007,SUB07,13,17,30,F,Fail,2025-26 Even
M056,CS007,SUB08,18,22,40,C,Pass,2025-26 Even
M057,CS008,SUB01,38,51,89,A+,Pass,2025-26 Even
M058,CS008,SUB02,37,53,90,O,Pass,2025-26 Even
M059,CS008,SUB03,35,51,86,A+,Pass,2025-26 Even
M060,CS008,SUB04,39,59,98,O,Pass,2025-26 Even
M061,CS008,SUB05,35,58,93,O,Pass,2025-26 Even
M062,CS008,SUB06,34,55,89,A+,Pass,2025-26 Even
M063,CS008,SUB07,38,58,96,O,Pass,2025-26 Even
M064,CS008,SUB08,36,59,95,O,Pass,2025-26 Even
M065,CS009,SUB01,27,37,64,B+,Pass,2025-26 Even
M066,CS009,SUB02,24,41,65,B+,Pass,2025-26 Even
M067,CS009,SUB03,27,44,71,A,Pass,2025-26 Even
M068,CS009,SUB04,30,41,71,A,Pass,2025-26 Even
M069,CS009,SUB05,21,34,55,B,Pass,2025-26 Even
M070,CS009,SUB06,22,36,58,B,Pass,2025-26 Even
M071,CS009,SUB07,28,42,70,A,Pass,2025-26 Even
M072,CS009,SUB08,30,40,70,A,Pass,2025-26 Even
M073,CS010,SUB01,20,34,54,B,Pass,2025-26 Even
M074,CS010,SUB02,22,29,51,B,Pass,2025-26 Even
M075,CS010,SUB03,18,28,46,C,Pass,2025-26 Even
M076,CS010,SUB04,22,33,55,B,Pass,2025-26 Even
M077,CS010,SUB05,17,28,45,C,Pass,2025-26 Even
M078,CS010,SUB06,21,32,53,B,Pass,2025-26 Even
M079,CS010,SUB07,19,31,50,B,Pass,2025-26 Even
M080,CS010,SUB08,23,34,57,B,Pass,2025-26 Even
M081,CS011,SUB01,32,51,83,A+,Pass,2025-26 Even
M082,CS011,SUB02,35,49,84,A+,Pass,2025-26 Even
M083,CS011,SUB03,34,49,83,A+,Pass,2025-26 Even
M084,CS011,SUB04,28,43,71,A,Pass,2025-26 Even
M085,CS011,SUB05,33,52,85,A+,Pass,2025-26 Even
M086,CS011,SUB06,33,52,85,A+,Pass,2025-26 Even
M087,CS011,SUB07,31,47,78,A,Pass,2025-26 Even
M088,CS011,SUB08,36,50,86,A+,Pass,2025-26 Even
M089,CS012,SUB01,27,44,71,A,Pass,2025-26 Even
M090,CS012,SUB02,28,46,74,A,Pass,2025-26 Even
M091,CS012,SUB03,28,42,70,A,Pass,2025-26 Even
M092,CS012,SUB04,28,45,73,A,Pass,2025-26 Even
M093,CS012,SUB05,25,43,68,B+,Pass,2025-26 Even
M094,CS012,SUB06,28,43,71,A,Pass,2025-26 Even
M095,CS012,SUB07,26,39,65,B+,Pass,2025-26 Even
M096,CS012,SUB08,23,34,57,B,Pass,2025-26 Even
M097,CS013,SUB01,35,51,86,A+,Pass,2025-26 Even
M098,CS013,SUB02,39,56,95,O,Pass,2025-26 Even
M099,CS013,SUB03,37,55,92,O,Pass,2025-26 Even
M100,CS013,SUB04,40,58,98,O,Pass,2025-26 Even
M101,CS013,SUB05,38,58,96,O,Pass,2025-26 Even
M102,CS013,SUB06,37,56,93,O,Pass,2025-26 Even
M103,CS013,SUB07,36,52,88,A+,Pass,2025-26 Even
M104,CS013,SUB08,37,58,95,O,Pass,2025-26 Even
M105,CS014,SUB01,30,43,73,A,Pass,2025-26 Even
M106,CS014,SUB02,27,46,73,A,Pass,2025-26 Even
M107,CS014,SUB03,24,35,59,B,Pass,2025-26 Even
M108,CS014,SUB04,29,42,71,A,Pass,2025-26 Even
M109,CS014,SUB05,28,46,74,A,Pass,2025-26 Even
M110,CS014,SUB06,25,32,57,B,Pass,2025-26 Even
M111,CS014,SUB07,22,39,61,B+,Pass,2025-26 Even
M112,CS014,SUB08,24,39,63,B+,Pass,2025-26 Even
M113,CS015,SUB01,32,48,80,A+,Pass,2025-26 Even
M114,CS015,SUB02,32,49,81,A+,Pass,2025-26 Even
M115,CS015,SUB03,33,47,80,A+,Pass,2025-26 Even
M116,CS015,SUB04,30,48,78,A,Pass,2025-26 Even
M117,CS015,SUB05,35,50,85,A+,Pass,2025-26 Even
M118,CS015,SUB06,33,47,80,A+,Pass,2025-26 Even
M119,CS015,SUB07,32,53,85,A+,Pass,2025-26 Even
M120,CS015,SUB08,34,48,82,A+,Pass,2025-26 Even
M121,CS016,SUB01,18,23,41,C,Pass,2025-26 Even
M122,CS016,SUB02,13,18,31,F,Fail,2025-26 Even
M123,CS016,SUB03,14,17,31,F,Fail,2025-26 Even
M124,CS016,SUB04,16,25,41,C,Pass,2025-26 Even
M125,CS016,SUB05,18,28,46,C,Pass,2025-26 Even
M126,CS016,SUB06,14,26,40,C,Pass,2025-26 Even
M127,CS016,SUB07,16,28,44,C,Pass,2025-26 Even
M128,CS016,SUB08,16,21,37,F,Fail,2025-26 Even
M129,CS017,SUB01,26,36,62,B+,Pass,2025-26 Even
M130,CS017,SUB02,27,42,69,B+,Pass,2025-26 Even
M131,CS017,SUB03,29,41,70,A,Pass,2025-26 Even
M132,CS017,SUB04,31,47,78,A,Pass,2025-26 Even
M133,CS017,SUB05,30,47,77,A,Pass,2025-26 Even
M134,CS017,SUB06,26,40,66,B+,Pass,2025-26 Even
M135,CS017,SUB07,29,42,71,A,Pass,2025-26 Even
M136,CS017,SUB08,30,42,72,A,Pass,2025-26 Even
M137,CS018,SUB01,26,39,65,B+,Pass,2025-26 Even
M138,CS018,SUB02,26,35,61,B+,Pass,2025-26 Even
M139,CS018,SUB03,25,40,65,B+,Pass,2025-26 Even
M140,CS018,SUB04,32,43,75,A,Pass,2025-26 Even
M141,CS018,SUB05,26,39,65,B+,Pass,2025-26 Even
M142,CS018,SUB06,25,33,58,B,Pass,2025-26 Even
M143,CS018,SUB07,26,34,60,B+,Pass,2025-26 Even
M144,CS018,SUB08,22,38,60,B+,Pass,2025-26 Even
M145,CS019,SUB01,39,56,95,O,Pass,2025-26 Even
M146,CS019,SUB02,38,52,90,O,Pass,2025-26 Even
M147,CS019,SUB03,36,58,94,O,Pass,2025-26 Even
M148,CS019,SUB04,38,53,91,O,Pass,2025-26 Even
M149,CS019,SUB05,38,56,94,O,Pass,2025-26 Even
M150,CS019,SUB06,39,58,97,O,Pass,2025-26 Even
M151,CS019,SUB07,40,57,97,O,Pass,2025-26 Even
M152,CS019,SUB08,37,60,97,O,Pass,2025-26 Even
M153,CS020,SUB01,30,45,75,A,Pass,2025-26 Even
M154,CS020,SUB02,31,48,79,A,Pass,2025-26 Even
M155,CS020,SUB03,35,49,84,A+,Pass,2025-26 Even
M156,CS020,SUB04,31,49,80,A+,Pass,2025-26 Even
M157,CS020,SUB05,29,45,74,A,Pass,2025-26 Even
M158,CS020,SUB06,34,52,86,A+,Pass,2025-26 Even
M159,CS020,SUB07,30,46,76,A,Pass,2025-26 Even
M160,CS020,SUB08,29,48,77,A,Pass,2025-26 Even
