sop_id,category,guideline
SOP01,Attendance,Students must maintain a minimum of 75% attendance in every subject to be eligible for semester examinations.
SOP02,Attendance,Medical leave requires a valid certificate submitted within 3 days of rejoining.
SOP03,Examinations,Internal marks carry 40 marks and external examination carries 60 marks per subject.
SOP04,Examinations,"A minimum of 40 total marks, with at least 21 in the external exam, is required to pass a subject."
SOP05,Examinations,Use of mobile phones or unfair means in the examination hall leads to disciplinary action.
SOP06,Assignments,Assignments must be submitted by the deadline; late submissions lose 10% marks per day.
SOP07,Conduct,Students must carry their ID card on campus at all times.
SOP08,Conduct,Ragging in any form is strictly prohibited and punishable as per law and college rules. Zero tolerance policy with 24/7 Helpline: 1800-180-5522.
SOP09,Dress Code,"Students should wear decent, formal attire; the department T-shirt is allowed on Fridays."
SOP10,Laboratory,Students must follow lab safety rules and may not install unauthorised software on lab systems.
SOP11,Laboratory,Lab records must be completed and signed by faculty before each practical session ends.
SOP12,Library,Books may be borrowed for 14 days; a fine of Rs. 2 per day applies for overdue books. Scan ID card upon entry.
SOP13,Placement,Students must attend at least 80% of placement training sessions to be eligible for campus drives.
SOP14,Grievance,Grievances are submitted in writing to the department head and resolved within 7 working days.
